,City,Temperature,Humidity,Wind Speed,Cloudiness,Latitude,Longitude,OpenWeatherMap City Number
0,hermanus,9.18,96,4.56,92,-34.42,19.24,3366880
1,barrow,13.13,40,6.56,32,-38.31,-60.23,3833859
2,albany,19.32,93,1.06,75,42.65,-73.75,5106834
3,redlands,17.13,75,1.5,1,34.06,-117.19,5386754
4,berlevag,11.69,81,4.1,0,70.86,29.09,780687
5,kapaa,26.22,90,7.2,90,22.08,-159.32,5848280
6,hobart,5.0,80,3.6,40,-42.88,147.33,2163355
7,torbay,10.27,100,5.1,90,47.66,-52.73,6167817
8,vredendal,11.08,70,1.71,76,-31.68,18.49,3359736
9,thompson,5.0,93,1.0,75,55.74,-97.86,6165406
10,atuona,26.83,98,9.91,48,-9.8,-139.03,4020109
11,norman wells,7.0,100,1.0,40,65.28,-126.83,6089245
12,gisborne,7.83,73,2.21,0,-38.66,178.02,2206854
13,ancud,10.18,99,3.41,92,-41.87,-73.83,3899695
14,rio grande,7.08,98,4.26,0,-32.03,-52.1,3451138
15,watari,22.85,88,1.0,75,38.04,140.87,2110586
16,busselton,15.73,100,8.86,56,-33.64,115.35,2075265
17,mezen,21.73,62,4.06,64,65.85,44.24,527321
18,seymchan,7.48,65,2.06,20,62.93,152.39,2121373
19,puerto ayora,21.23,100,4.11,56,-0.74,-90.35,3652764
20,constitucion,11.93,88,1.46,0,23.99,-104.67,4011743
21,collie,13.33,76,6.86,44,-33.36,116.15,2074113
22,vaini,21.83,98,3.56,92,15.34,74.49,1273574
23,hobyo,25.93,75,8.36,56,5.35,48.53,57000
24,butaritari,28.13,100,0.56,0,3.07,172.79,2110227
25,upernavik,2.38,100,1.66,92,72.79,-56.15,3418910
26,port alfred,14.33,79,9.51,56,-33.59,26.89,964432
27,mahebourg,26.0,57,7.7,75,-20.41,57.7,934322
28,coihaique,5.44,81,1.0,0,-45.58,-72.07,3894426
29,praia da vitoria,22.53,100,4.21,36,38.73,-27.07,3372760
30,joao pinheiro,19.58,76,5.51,68,-17.74,-46.17,3459785
31,ponta do sol,14.63,93,3.66,88,-20.63,-46.0,3453439
32,mabaruma,26.13,92,1.91,92,8.2,-59.78,3377301
33,jacareacanga,22.68,95,0.96,0,-6.22,-57.76,3397763
34,kibala,25.0,88,1.0,75,9.11,18.35,2425791
35,ribeira grande,24.0,69,1.5,20,38.52,-28.7,3372707
36,verkhnyaya toyma,23.48,58,3.86,0,62.24,45.0,474470
37,laguna,25.33,76,0.76,0,27.52,-110.01,4013704
38,bredasdorp,13.0,62,9.3,92,-34.53,20.04,1015776
39,castro,8.73,100,2.71,92,-42.48,-73.76,3896218
40,punta arenas,3.0,86,3.1,40,-53.16,-70.91,3874787
41,mar del plata,9.18,60,4.21,68,-46.43,-67.52,3863379
42,the valley,27.0,78,2.1,75,18.22,-63.06,3573374
43,khatanga,18.18,57,5.21,24,71.98,102.47,2022572
44,arraial do cabo,18.0,93,3.91,75,-22.97,-42.02,3471451
45,ouallam,27.08,88,3.76,88,14.32,2.08,2440371
46,katsuura,30.0,66,3.1,40,33.93,134.5,1865309
47,ostrovnoy,11.23,100,2.16,92,68.05,39.51,556268
48,mataura,11.38,61,7.31,48,-46.19,168.86,6201424
49,hithadhoo,27.48,100,1.41,100,-0.6,73.08,1282256
50,kaitangata,8.53,58,2.41,76,-46.28,169.85,2208248
51,cherskiy,2.33,88,2.16,20,68.75,161.3,2126199
52,taltal,8.48,92,0.91,0,-25.41,-70.49,3870243
53,fortuna,28.65,54,2.6,20,38.18,-1.13,2517679
54,east london,16.0,26,9.8,0,-33.02,27.91,1006984
55,geraldton,16.0,100,2.6,90,49.72,-86.95,5960603
56,codrington,13.43,80,1.61,48,-28.95,153.24,2160063
57,victoria,31.01,79,1.5,75,5.28,115.24,1733782
58,ossora,7.23,97,5.66,12,59.24,163.07,2122389
59,qaanaaq,0.18,100,1.51,92,77.48,-69.36,3831208
60,mehamn,11.66,66,2.6,0,71.03,27.85,778707
61,koutiala,23.48,100,3.91,80,12.39,-5.46,2454268
62,makhachkala,27.0,47,5.0,0,42.98,47.5,532096
63,jacala,18.73,94,0.26,48,21.0,-99.19,3526646
64,chuy,6.18,94,5.16,0,-33.69,-53.46,3443061
65,mayo,10.0,93,2.6,90,63.59,-135.9,6068416
66,manosque,24.0,38,2.6,0,43.83,5.78,2996180
67,rikitea,23.23,100,4.31,0,-23.12,-134.97,4030556
68,agustin codazzi,18.23,88,0.96,12,10.03,-73.24,3792383
69,tuatapere,11.13,91,8.01,88,-46.13,167.69,2180815
70,dingle,28.03,73,3.31,80,11.0,122.67,1714733
71,saint-philippe,18.17,97,3.36,90,45.36,-73.48,6138908
72,mae hong son,31.0,55,4.1,40,19.3,97.96,1152222
73,airai,25.38,56,0.41,64,-8.93,125.41,1651810
74,soyo,27.68,68,1.31,0,-6.13,12.37,2236967
75,flinders,9.0,61,3.6,75,-34.58,150.85,6255012
76,san patricio,3.18,79,2.06,0,-26.98,-56.83,3437029
77,ushuaia,1.0,86,3.6,20,-54.81,-68.31,3833367
78,cidreira,2.98,93,1.91,0,-30.17,-50.22,3466165
79,nanortalik,4.38,100,1.06,64,60.14,-45.24,3421765
80,nelson bay,13.0,54,6.7,90,-32.72,152.14,2155562
81,kahului,24.31,90,6.2,40,20.89,-156.47,5847411
82,mount gambier,7.23,73,1.76,0,-37.83,140.78,2156643
83,yellowknife,10.0,66,2.1,90,62.45,-114.38,6185377
84,leningradskiy,2.33,100,7.01,92,69.38,178.42,2123814
85,pacific grove,14.12,83,2.6,90,36.62,-121.92,5380437
86,nemuro,15.0,87,1.5,75,43.32,145.57,2128975
87,sokoni,28.33,26,2.86,0,-12.89,28.78,901344
88,byron bay,16.0,72,5.1,44,-28.65,153.62,2172880
89,lebu,20.28,72,0.66,0,8.96,38.73,344979
90,ryotsu,25.0,78,3.1,75,38.08,138.43,1853371
91,kourou,23.0,100,2.51,0,5.16,-52.64,3381303
92,north branch,22.93,89,2.6,40,45.51,-92.98,5039421
93,ahipara,10.98,100,1.66,20,-35.17,173.16,2194098
94,hilo,18.25,97,2.1,90,19.71,-155.08,5855927
95,abu samrah,31.98,40,6.56,0,35.3,37.18,172515
96,adrar,37.0,16,7.7,0,27.87,-0.29,2508813
97,belle fourche,12.5,81,1.51,1,44.67,-103.85,5762718
98,samarai,26.03,100,4.86,44,-10.62,150.67,2132606
99,kuusamo,12.0,81,6.2,75,65.96,29.19,649924
100,iqaluit,2.0,93,2.1,75,63.75,-68.52,5983720
101,new norfolk,5.0,75,3.6,75,-42.78,147.06,2155415
102,vila franca do campo,23.0,83,3.6,40,37.72,-25.43,3372472
103,san vicente,24.0,83,2.1,0,13.64,-88.78,3583178
104,port elizabeth,22.52,97,3.11,1,39.31,-74.98,4501427
105,monrovia,28.0,78,5.1,75,6.33,-10.8,2274895
106,havoysund,12.43,54,2.6,0,71.0,24.66,779622
107,itapeva,6.03,91,4.21,8,-23.98,-48.88,3460723
108,karratha,30.48,12,3.86,0,-20.74,116.85,6620339
109,lavrentiya,9.18,86,4.31,80,65.58,-170.99,4031637
110,tiksi,13.68,73,1.66,0,71.64,128.87,2015306
111,tevaitoa,25.73,100,5.36,92,-16.78,-151.5,4033375
112,pangody,15.13,73,4.31,24,65.85,74.49,1495626
113,ixtapa,24.0,100,1.01,90,20.71,-105.21,4004293
114,matagami,23.03,97,1.81,88,9.67,8.4,2335713
115,caravelas,24.03,100,4.76,0,-17.73,-39.27,3466980
116,tessalit,29.58,68,3.21,8,20.2,1.01,2449893
117,kilosa,23.63,72,1.01,0,-6.84,36.99,157403
118,bambous virieux,26.0,57,7.7,75,-20.34,57.76,1106677
119,potam,24.93,90,1.21,0,27.6,-110.38,3992154
120,provideniya,9.33,92,2.91,24,64.42,-173.23,4031574
121,kone,35.0,53,2.6,75,21.12,96.11,1311871
122,bakhmach,28.93,37,3.11,0,51.18,32.81,712967
123,meulaboh,28.68,97,1.36,68,4.14,96.13,1214488
124,itarema,24.98,78,7.01,0,-2.92,-39.92,3393692
125,kostino,29.0,48,2.6,20,41.7,25.3,729794
126,bayir,31.0,48,5.1,20,37.27,28.22,304183
127,paamiut,5.58,96,10.56,0,61.99,-49.67,3421193
128,kloulklubed,26.0,88,3.1,75,7.04,134.26,7671223
129,jackson,23.77,84,2.6,1,35.61,-88.82,4632595
130,guaruja,11.34,87,3.6,90,-23.99,-46.26,3461789
131,mulchen,0.28,69,0.86,20,-37.72,-72.23,3879200
132,vardo,20.74,96,0.96,1,39.62,-77.74,4372777
133,gambela,24.93,83,1.66,8,8.25,34.59,337405
134,najran,39.0,14,1.0,40,17.54,44.22,103630
135,namibe,19.03,99,1.26,32,-15.19,12.15,3347019
136,kamogawa,28.0,88,9.3,75,35.13,140.08,2112297
137,mariental,17.0,67,7.2,90,52.28,10.99,2873499
138,georgetown,23.0,94,3.1,40,6.8,-58.16,3378644
139,vawkavysk,15.0,82,4.0,75,53.15,24.45,620391
140,conakry,24.0,100,5.1,90,9.52,-13.7,2422465
141,bluff,17.98,43,3.16,0,-23.58,149.07,2175403
142,el alto,-2.0,92,1.5,40,-16.5,-68.19,3911925
143,port moresby,23.98,100,1.81,92,-9.47,147.16,2088122
144,portland,15.91,86,1.81,90,45.52,-122.67,5746545
145,hamilton,25.0,88,1.16,40,32.3,-64.78,3573197
146,saint-georges,18.13,98,1.61,92,46.12,-70.67,6295855
147,sovetskaya,28.98,31,8.81,0,44.78,41.17,490065
148,cape town,12.0,81,7.7,75,-33.93,18.42,3369157
149,khartoum,36.0,32,4.1,0,15.59,32.54,379252
150,port lincoln,12.93,96,6.01,44,-34.72,135.86,2063036
151,vila velha,24.0,73,5.7,20,-3.71,-38.6,6320062
152,hwange,31.18,14,4.16,0,-18.35,26.5,889942
153,nikolskoye,18.0,72,4.0,75,59.7,30.79,546105
154,luderitz,12.58,82,6.36,0,-26.65,15.16,3355672
155,clyde river,4.0,86,2.1,90,70.47,-68.59,5924351
156,nueva loja,19.68,99,1.06,92,0.08,-76.88,3655185
157,huarmey,12.73,96,1.11,76,-10.07,-78.15,3939168
158,dunedin,8.83,58,4.31,76,-45.87,170.5,2191562
159,hope,12.0,93,4.6,75,49.38,-121.43,5976783
160,santa fe,9.43,64,5.61,0,-31.62,-60.7,3836277
161,idritsa,14.43,100,2.06,92,56.33,28.9,557588
162,yar-sale,12.73,91,1.96,0,66.83,70.83,1486321
163,grand gaube,26.0,57,7.7,75,-20.01,57.66,934479
164,oktyabrskiy,27.24,23,5.0,0,55.61,37.97,515873
165,gamba,7.98,69,1.26,48,28.28,88.52,1281256
166,grindavik,8.53,87,11.3,90,63.84,-22.43,3416888
167,point pleasant,21.61,93,2.6,1,40.08,-74.07,5102796
168,bethel,10.0,96,4.1,90,60.79,-161.76,5880568
169,biak,27.48,79,2.61,44,-0.91,122.88,1637001
170,jalu,32.43,40,3.56,0,29.03,21.55,86049
171,palana,4.93,62,1.91,0,59.08,159.95,2122262
172,dikson,10.13,93,8.11,44,73.51,80.55,1507390
173,terenos,11.0,50,4.1,0,-20.44,-54.87,3446619
174,massakory,27.58,100,4.61,0,13.0,15.73,2428228
175,lagoa,25.0,65,5.1,20,37.14,-8.45,2267254
176,umea,15.0,72,2.1,0,63.83,20.26,602150
177,dumbraveni,23.23,65,1.0,40,46.23,24.57,678704
178,kavieng,28.48,100,1.16,44,-2.57,150.8,2094342
179,kodiak,25.6,81,6.2,40,39.95,-94.76,4407665
180,saint-medard-en-jalles,23.55,69,2.6,90,44.9,-0.72,2978072
181,juneau,13.3,93,2.6,90,58.3,-134.42,5554072
182,christchurch,4.0,93,0.5,0,-43.53,172.64,2192362
183,salalah,25.0,94,2.6,90,17.01,54.1,286621
184,carnarvon,3.33,58,4.91,0,-30.97,22.13,1014034
185,te anau,8.53,74,6.61,48,-45.41,167.72,2181625
186,deputatskiy,12.98,68,1.61,0,69.3,139.9,2028164
187,kruisfontein,13.93,79,11.31,68,-34.0,24.73,986717
188,namatanai,26.28,100,1.66,68,-3.66,152.44,2090021
189,pangnirtung,2.73,86,3.66,32,66.15,-65.72,6096551
190,jamestown,11.88,50,2.96,24,-33.21,138.6,2069194
191,shibetsu,20.0,72,2.1,40,44.15,142.46,2127500
192,klaksvik,12.0,66,3.1,12,62.23,-6.59,2618795
193,tasiilaq,5.0,97,6.7,80,65.61,-37.64,3424607
194,esperance,24.0,94,2.06,20,10.24,-61.45,3573739
195,amapa,21.08,96,0.51,92,15.09,-87.97,3603330
196,cabedelo,20.0,100,3.1,20,-6.97,-34.84,3404558
197,barra do garcas,19.93,65,3.96,0,-15.89,-52.26,3470709
198,bonavista,15.98,99,5.11,80,48.65,-53.11,5905393
199,lazarev,16.88,88,4.31,0,52.23,141.51,2123836
200,uruacu,21.48,58,3.21,0,-14.52,-49.14,3445713
201,polovinnoye,15.98,88,6.46,88,54.79,65.99,1494523
202,almaznyy,29.83,24,5.01,0,48.03,40.04,582447
203,conceicao do araguaia,25.68,63,2.01,56,-8.26,-49.26,3401845
204,chokurdakh,10.93,70,1.41,8,70.62,147.9,2126123
205,sao joao da barra,18.0,93,6.2,90,-21.64,-41.05,3448903
206,talnakh,15.93,63,1.76,12,69.49,88.39,1490256
207,sisimiut,-1.33,97,1.06,32,66.94,-53.67,3419842
208,kalmunai,27.63,100,2.16,8,7.42,81.82,1242110
209,penhold,7.0,87,6.2,90,52.13,-113.87,6100954
210,gazli,30.73,32,3.46,0,40.13,63.45,1513990
211,eydhafushi,29.18,95,5.21,92,5.1,73.07,1337606
212,gold coast,16.0,72,5.1,12,-28.0,153.41,2165087
213,longyearbyen,5.0,65,3.1,75,78.22,15.63,2729907
214,conway,23.69,100,2.76,20,35.09,-92.44,4106458
215,skibbereen,14.0,76,6.2,40,51.55,-9.27,2961459
216,caracuaro,14.38,95,0.86,64,19.01,-101.13,4015471
217,belaya gora,12.13,68,1.91,0,68.54,146.19,2126785
218,assiniboia,7.83,93,4.01,12,49.63,-105.99,5887798
219,aguimes,25.0,65,11.8,20,27.91,-15.45,2522325
220,dmitriyevka,25.03,80,1.31,0,43.08,41.0,611847
221,batagay-alyta,13.48,69,1.31,0,67.8,130.41,2027042
222,duluth,21.58,95,5.46,90,46.77,-92.13,5024719
223,sopelana,23.26,57,1.0,0,43.38,-2.98,3108702
224,kichera,18.28,65,0.76,0,55.93,110.1,2022129
225,shache,24.68,73,2.01,24,38.42,77.24,1280037
226,le mars,23.57,88,7.2,1,42.79,-96.17,4864337
227,lorengau,28.43,100,3.51,44,-2.02,147.27,2092164
228,amudat,20.78,94,1.71,48,1.95,34.95,235191
229,vestmannaeyjar,9.0,93,12.9,75,63.44,-20.27,3412093
230,tuktoyaktuk,3.83,100,2.01,76,69.44,-133.03,6170031
231,menongue,29.23,20,2.46,0,-14.66,17.68,3347353
232,preobrazheniye,19.08,85,0.86,88,42.9,133.91,2017658
233,sol-iletsk,24.93,42,4.11,0,51.16,55.0,491019
234,nieuw nickerie,26.68,100,2.86,0,5.94,-56.99,3383427
235,faanui,25.63,100,6.36,44,-16.48,-151.75,4034551
236,dwarka,32.0,75,2.6,75,28.58,77.04,1273294
237,dakar,27.0,83,3.1,75,14.69,-17.45,2253354
238,lodja,27.58,79,1.51,24,-3.52,23.6,211647
239,ulaanbaatar,22.0,35,4.0,20,47.92,106.92,2028462
240,casambalangan,28.48,100,7.71,80,18.38,122.13,1718214
241,awjilah,31.83,45,3.21,0,29.14,21.3,88533
242,marzuq,35.98,17,1.76,0,14.4,46.47,72181
243,monze,29.83,22,2.61,0,-16.28,27.48,906044
244,arona,21.2,40,1.5,0,45.76,8.56,3182812
245,teya,24.0,88,1.11,90,21.05,-89.07,3526662
246,san quintin,29.0,79,6.2,75,17.54,120.52,1688687
247,warrington,15.2,77,10.3,40,53.39,-2.59,2634739
248,zhezkazgan,21.0,35,3.0,75,47.8,67.71,1516589
249,cockburn town,28.68,96,7.91,88,21.46,-71.14,3576994
250,sangar,17.08,60,1.26,20,63.92,127.47,2017215
251,avarua,18.0,88,1.0,20,-21.21,-159.78,4035715
252,avera,21.63,95,1.16,1,33.19,-82.53,4231997
253,bourail,18.63,100,1.96,92,-21.57,165.5,2141714
254,matara,-3.63,90,1.16,0,-13.74,-72.9,3948642
255,khasan,23.03,85,2.41,8,42.43,130.64,2039557
256,sheridan,19.04,31,4.6,1,39.65,-105.03,5438542
257,taldan,22.98,77,1.16,92,53.69,124.82,2015646
258,pevek,2.28,100,4.66,80,69.7,170.27,2122090
259,dubbo,11.0,66,2.91,0,-32.25,148.6,2168305
260,nizhniy baskunchak,28.78,30,4.46,0,48.22,46.83,520798
261,stykkisholmur,7.88,100,7.56,92,65.08,-22.73,3412888
262,bugasong,27.83,100,3.46,76,11.04,122.06,1723313
263,lamu,27.28,77,1.16,92,0.57,122.3,1623890
264,kirakira,28.43,98,6.31,92,-10.46,161.92,2178753
265,morehead,22.8,84,1.86,1,38.18,-83.43,4301307
266,rangoon,30.0,84,3.6,75,16.81,96.16,1298824
267,kropotkin,30.33,26,9.71,0,45.43,40.58,540761
268,sola,14.57,76,5.1,75,58.89,5.65,3137942
269,anito,27.48,100,3.91,48,12.45,125.29,1730622
270,koshurnikovo,25.58,37,2.41,8,54.3,93.39,1502096
271,hofn,9.0,81,2.6,75,64.25,-15.21,2630299
272,mecca,37.73,37,4.96,20,21.43,39.83,104515
273,bandarbeyla,25.73,78,13.56,0,9.49,50.81,64814
274,strezhevoy,17.0,77,5.0,20,60.73,77.6,1490796
275,denpasar,27.0,78,4.1,20,-8.65,115.22,1645528
276,zasechnoye,25.43,43,1.91,0,53.11,45.08,464343
277,maniitsoq,3.58,90,1.21,0,65.42,-52.9,3421982
278,kingsland,24.43,86,1.16,40,30.8,-81.69,4204007
279,lasa,29.64,70,5.1,20,34.92,32.53,146639
280,xixiang,28.66,74,4.1,40,22.58,113.87,6942880
281,agra,29.58,96,2.21,92,27.18,78.01,1279259
282,maragogi,22.73,86,3.56,88,-9.01,-35.22,3395458
283,saldanha,26.48,40,1.86,0,41.42,-6.55,2737599
284,basco,24.63,83,6.7,1,40.33,-91.2,4863349
285,pedernales,21.08,96,1.86,88,0.07,-80.05,3653307
286,tsiroanomandidy,25.38,40,1.36,0,-18.77,46.05,1054463
287,harper,24.75,77,5.66,40,30.3,-99.24,4696310
288,luanda,25.0,69,3.1,0,-8.83,13.24,2240449
289,kizukuri,20.57,82,3.1,75,40.81,140.39,2129513
290,marawi,23.93,81,1.21,56,8.0,124.29,1701054
291,beaverlodge,8.0,93,2.1,90,55.21,-119.43,5896969
292,redmond,14.08,86,1.5,90,47.67,-122.12,5808079
293,terny,29.43,28,3.86,0,50.99,33.98,691606
294,verkhnetulomskiy,11.0,93,3.0,75,68.61,31.8,475469
295,suntar,19.68,65,1.61,0,62.16,117.65,2015913
296,quatre cocos,26.0,57,7.7,75,-20.21,57.76,1106643
297,souillac,21.0,77,4.1,90,45.6,-0.6,3026644
298,praia,17.0,82,4.1,75,-20.25,-43.81,3460954
299,talcahuano,9.0,100,3.6,90,-36.72,-73.12,3870282
300,porosozero,14.93,84,3.06,48,62.72,32.71,506232
301,bahia blanca,9.08,62,3.11,0,-38.72,-62.27,3865086
302,bathsheba,25.0,88,7.7,75,13.22,-59.52,3374083
303,mount isa,19.0,16,2.6,0,-20.73,139.49,2065594
304,tarauaca,18.43,66,2.21,24,-8.16,-70.77,3661980
305,ilulissat,2.0,69,2.1,75,69.22,-51.1,3423146
306,beboto,25.03,96,3.86,88,8.27,16.94,2435837
307,bay city,20.32,100,3.6,40,43.59,-83.89,4985180
308,dongsheng,33.68,55,6.06,0,29.72,112.52,1788268
309,balyaga,20.38,57,1.46,20,51.15,108.93,2027173
310,rosario,9.93,58,6.36,8,-34.31,-57.35,3440747
311,mafeteng,8.0,49,2.6,0,-29.82,27.24,932614
312,roros,9.0,81,3.6,75,62.57,11.38,3141332
313,havre,12.2,74,4.6,90,48.55,-109.68,5656497
314,wanxian,31.73,41,1.21,88,30.8,108.39,1791748
315,sorong,28.43,99,6.11,64,-0.86,131.25,1626542
316,bien hoa,30.0,70,4.1,75,10.95,106.82,1587923
317,fort saint james,8.18,86,1.21,0,54.43,-124.25,5881688
318,okha,15.33,83,3.56,76,53.59,142.95,2122614
319,isangel,23.78,99,8.81,92,-19.55,169.27,2136825
320,husavik,12.63,100,6.96,100,50.56,-96.99,5961417
321,tarakan,28.33,93,1.76,32,3.3,117.63,1624725
322,valley,16.0,77,9.8,88,53.28,-4.56,2635022
323,mtwara,28.0,54,5.1,40,-10.28,40.18,877747
324,sibolga,29.38,51,1.96,12,1.74,98.78,1213855
325,khunti,26.0,94,2.1,90,23.08,85.28,1266622
326,binzhou,29.23,62,5.16,8,37.38,117.96,1816336
327,boende,27.53,80,1.36,32,-0.28,20.88,218680
328,havelock,21.44,100,1.5,40,34.88,-76.9,4470244
329,san rafael,2.23,68,0.76,0,-34.61,-68.33,3836669
330,mirzapur,31.83,87,2.06,64,25.15,82.57,1262995
331,snihurivka,32.0,18,5.0,0,47.07,32.8,693379
332,changde,30.33,76,3.91,56,29.04,111.68,1791121
333,foumban,23.58,82,0.61,20,5.73,10.9,2231506
334,saquena,20.83,96,3.41,68,-4.67,-73.52,3692020
335,nara,30.2,52,4.1,40,34.68,135.8,1855612
336,egvekinot,1.78,98,1.61,88,66.32,-179.17,4031742
337,erie,23.13,100,3.1,40,42.13,-80.09,5188843
338,puerto carreno,20.08,88,1.56,80,6.19,-67.49,3671519
339,diest,18.45,77,7.7,75,50.98,5.05,2799398
340,san cristobal,9.0,81,6.7,75,-0.39,-78.55,3652462
341,cayenne,23.0,100,1.51,0,4.94,-52.33,3382160
342,baykit,19.78,68,3.21,0,61.68,96.39,1510689
343,shenjiamen,28.68,91,10.41,76,29.96,122.3,1795632
344,bara,21.53,100,3.01,88,10.41,10.6,2347758
345,kutum,31.48,48,2.61,0,14.2,24.66,371745
346,santa vitoria do palmar,6.18,94,5.16,0,-33.52,-53.37,3449747
347,maningrida,28.03,53,6.91,0,-12.05,134.23,2067089
348,suoyarvi,15.63,86,2.76,88,62.08,32.35,486186
349,santa maria,2.0,100,1.61,0,-29.69,-53.81,3450083
350,shieli,26.53,38,3.56,44,44.18,66.74,1524801
351,rock sound,28.58,100,6.56,8,24.9,-76.2,3571592
352,sainte-rose,18.0,100,2.1,20,45.61,-73.79,6077243
353,moa,22.48,94,1.41,44,20.66,-74.95,3546791
354,amazar,16.63,75,2.51,92,53.86,120.88,2027806
355,lira,20.73,100,1.46,92,2.25,32.9,230166
356,nosy varika,24.28,86,1.61,32,-20.58,48.53,1058080
357,salym,16.68,76,4.11,32,60.06,71.48,1493162
358,ohara,32.0,46,3.1,40,35.12,135.83,1857910
359,north bend,14.0,100,2.1,90,43.41,-124.22,5742974
360,port hedland,24.0,38,4.1,0,-20.31,118.58,2063042
361,wabana,10.56,182,3.1,90,47.63,-52.95,6174727
362,rorvik,12.0,71,3.1,0,64.86,11.24,3141310
363,polessk,17.0,67,3.0,0,54.86,21.11,507291
364,chifeng,25.23,61,2.21,64,42.27,118.96,2038067
365,hualmay,9.23,97,0.86,24,-11.1,-77.61,3939761
366,waipawa,4.43,86,1.06,0,-39.94,176.59,2185329
367,huambo,22.0,56,3.1,0,-12.78,15.73,3348313
368,kununurra,29.0,42,4.6,24,-15.77,128.74,2068110
369,fort smith,24.53,73,2.1,1,35.39,-94.42,4111410
370,solhan,32.0,18,0.5,20,38.97,41.05,300377
371,naze,25.93,99,3.56,48,5.43,7.07,2337542
372,guanica,26.08,100,6.01,12,17.97,-66.91,4565090
373,urucara,25.33,86,0.91,24,-2.54,-57.76,3385670
374,gizo,30.41,55,5.1,20,31.8,34.94,6693679
375,aswan,36.0,22,4.6,0,24.09,32.9,359792
376,komsomolskiy,16.98,73,6.01,0,67.55,63.78,1486910
377,beringovskiy,8.53,100,2.76,92,63.05,179.32,2126710
378,kungurtug,19.88,42,2.91,48,50.6,97.53,1501377
379,foshan,25.98,100,3.76,92,23.02,113.11,1811103
380,kalabo,31.63,18,2.66,0,-15.0,22.67,915471
381,kalas,32.13,71,2.46,0,33.49,72.96,1166993
382,yarim,29.33,16,1.61,88,14.3,44.38,69559
383,saint-michel-des-saints,18.13,95,2.16,88,46.68,-73.92,6138802
384,jizan,35.0,67,7.7,40,16.89,42.56,105299
385,angoche,26.53,95,2.01,0,-16.23,39.91,1052944
386,erenhot,16.58,100,3.11,92,43.65,111.97,2037485
387,sibu,27.0,78,3.1,75,2.29,111.83,1735902
388,winslow,16.44,77,4.6,40,51.94,-0.88,2633808
389,camocim,24.63,79,6.56,0,-2.9,-40.84,3403687
390,viedma,8.98,68,3.01,0,-40.81,-62.99,3832899
391,seydi,28.08,88,3.96,0,13.34,7.75,2448024
392,wadi,24.63,82,5.91,100,17.05,76.99,1253041
393,zhigansk,16.18,62,1.41,12,66.77,123.37,2012530
394,vila,21.49,40,1.5,0,45.18,8.4,3164565
395,cabo san lucas,27.88,100,3.66,0,22.89,-109.91,3985710
396,ust-maya,17.28,79,1.21,48,60.42,134.54,2013918
397,key west,11.33,93,3.6,90,47.93,-96.78,5059429
398,gorodovikovsk,30.03,25,7.86,0,46.08,41.93,559475
399,linjiang,21.38,75,1.16,0,41.81,126.91,2036069
400,gat,27.0,94,2.56,75,14.69,-16.54,2249901
401,birjand,32.0,5,5.1,0,32.86,59.22,140463
402,thaba-tseka,6.83,30,1.46,0,-29.52,28.61,1106835
403,matay,32.08,53,3.71,0,28.42,30.79,352628
404,sun valley,9.17,58,5.1,90,43.7,-114.35,5609286
405,columbus,21.67,100,1.06,1,32.46,-84.99,4188985
406,alaca,30.28,21,3.31,0,40.17,34.84,752278
407,alekseyevka,22.0,43,4.0,40,53.25,50.49,548625
408,uthal,31.83,67,2.21,20,25.81,66.62,1162862
409,khani,30.0,55,2.1,0,41.96,42.96,610864
410,alofi,19.0,82,3.1,0,-19.06,-169.92,4036284
411,winston,16.37,72,6.2,20,52.21,1.19,2636561
412,kieta,26.33,97,3.01,76,-6.22,155.63,2094027
413,zadar,25.0,38,3.1,20,44.12,15.24,3186952
414,ha giang,25.73,73,0.31,88,22.83,104.99,1581349
415,hambantota,29.93,82,9.11,20,6.12,81.12,1244926
416,guamo,24.67,36,2.6,0,43.81,10.51,3170647
417,pingliang,23.03,68,2.81,68,35.54,106.68,1798760
418,severo-yeniseyskiy,17.88,71,2.41,88,60.37,93.04,1492566
419,sobolevo,22.43,70,3.41,80,54.43,31.9,525426
420,coruripe,24.58,97,5.96,64,-10.12,-36.18,3465329
421,calafat,21.88,74,4.36,92,43.99,22.93,683034
422,poirino,20.28,46,1.5,0,44.92,7.85,3170408
423,ambikapur,27.13,94,2.56,92,23.12,83.2,1278827
424,udimskiy,23.03,78,4.66,0,61.14,45.92,479619
425,hasaki,25.48,83,3.6,75,35.73,140.83,2112802
426,basi,23.88,100,2.41,76,7.97,3.8,2325200
427,villa sandino,24.53,84,5.66,24,12.05,-84.99,3615813
428,kiama,9.0,61,3.6,75,-34.67,150.86,2161515
429,craigieburn,7.04,75,2.1,20,-37.6,144.94,2170089
430,sao felix do xingu,21.58,97,0.86,0,-6.64,-51.99,3388847
431,dumas,26.63,100,6.86,88,21.09,72.71,1255364
432,launceston,3.0,74,4.6,0,-41.43,147.14,2160517
433,tezu,23.13,90,0.61,88,27.93,96.16,1254709
434,staden,18.32,63,9.3,20,50.97,3.01,2786227
435,walvis bay,14.43,99,3.41,0,-22.95,14.51,3359638
436,vanavara,22.98,68,2.76,0,60.35,102.28,2013727
437,halifax,16.0,100,2.6,40,44.65,-63.58,6324729
438,gambiran,31.73,42,1.56,32,-7.93,111.77,1623251
439,imbituba,10.0,81,3.1,0,-28.24,-48.67,3461370
440,baherden,30.48,25,2.71,0,38.44,57.43,162158
441,shingu,27.0,88,2.1,75,33.72,135.99,1847947
442,sabinov,15.93,59,6.7,0,49.1,21.1,723674
443,san juan,3.68,79,0.06,0,-31.54,-68.53,3837213
444,anloga,27.0,78,4.1,20,5.79,0.9,2304548
445,oksfjord,12.26,50,2.6,0,70.24,22.35,778362
446,havre-saint-pierre,15.0,100,2.6,90,50.23,-63.6,5972291
447,port hardy,11.0,93,2.1,5,50.7,-127.42,6111862
448,hirado,29.0,79,4.6,75,33.32,129.49,1862555
449,lompoc,14.49,83,2.01,90,34.64,-120.46,5367788
450,katherine,26.0,41,1.5,0,-14.47,132.26,2068655
451,roma,22.1,56,3.6,0,41.89,12.48,6539761
452,nishihara,29.14,58,3.6,40,35.74,139.53,1850144
453,whitianga,13.03,100,3.91,0,-36.83,175.7,2179103
454,watrous,9.83,95,3.31,24,51.67,-105.46,6176928
455,vanimo,27.38,100,2.16,12,-2.67,141.3,2084442
456,kenai,14.16,83,11.3,20,60.55,-151.26,5866063
457,chumikan,14.43,93,2.81,100,54.72,135.31,2025256
458,arman,14.0,71,3.0,40,59.7,150.17,2127060
459,whitehorse,12.0,66,3.1,75,60.72,-135.06,6180550
460,hay river,5.0,100,1.5,75,60.82,-115.79,5972762
461,elk grove village,26.31,83,2.6,75,42.01,-87.94,4890925
462,armizonskoye,15.73,89,5.86,56,55.95,67.67,1511382
463,lakes entrance,8.58,81,4.16,64,-37.88,147.99,2160735
464,emerald,16.78,50,2.81,0,-23.53,148.16,2167426
465,ampanihy,30.23,27,3.41,0,-24.69,44.75,1078553
466,luwingu,28.03,21,3.16,0,-10.26,29.92,908913
467,sioux lookout,14.51,100,3.1,90,50.1,-91.92,6148373
468,piacabucu,21.58,82,3.86,0,-10.41,-36.43,3454005
469,fairbanks,11.24,93,1.76,90,64.84,-147.72,5861897
470,saint george,27.0,61,2.1,75,39.45,22.34,262462
471,baijiantan,28.43,40,2.36,36,45.63,85.18,1529626
472,abonnema,24.58,100,2.16,88,4.71,6.79,2324433
473,rancho palos verdes,19.37,87,1.5,75,33.75,-118.37,5386035
474,hami,31.88,29,5.11,92,42.84,93.51,1529484
475,todos santos,26.33,100,2.56,0,23.45,-110.23,3981432
476,guerrero negro,18.48,100,3.56,12,27.97,-114.04,4021858
477,hansi,32.98,73,2.21,64,29.11,75.96,1270417
478,broken hill,12.93,61,3.41,8,-31.97,141.45,2173911
479,saskylakh,16.23,69,2.56,0,71.97,114.09,2017155
480,tungor,15.33,83,3.56,76,53.39,142.95,2120400
481,chicama,17.0,88,2.6,90,-7.84,-79.15,3698359
482,mamallapuram,33.0,55,4.1,40,12.63,80.17,1263997
483,yarmouth,15.16,77,5.7,75,50.71,-1.5,2633414
484,port shepstone,16.08,84,6.56,0,-30.74,30.45,964406
485,seoul,24.83,78,3.6,75,37.57,126.98,1835848
486,cobija,17.68,56,1.76,0,-11.02,-68.77,3919998
487,narsaq,4.0,64,1.0,5,60.91,-46.05,3421719
488,sao filipe,25.08,100,5.86,8,14.9,-24.5,3374210
489,laramie,17.64,54,7.7,1,41.31,-105.59,5830062
490,muli,28.43,76,4.91,88,22.62,71.45,1256929
491,ploemeur,17.86,68,4.1,75,47.73,-3.43,2986732
492,vila do maio,27.0,69,5.7,40,15.13,-23.22,3374120
493,ulundi,14.68,59,2.26,8,-28.29,31.43,946257
494,barillas,25.46,39,2.1,0,41.97,-1.66,3128690
495,marsabit,27.68,53,5.06,0,2.34,37.99,187585
496,tahoua,27.0,74,2.1,20,14.89,5.26,2439376
497,killorglin,13.83,89,6.06,92,52.1,-9.78,2963311
498,suileng,21.18,94,1.51,64,47.25,127.08,2034651
499,cervo,9.43,97,2.16,32,-22.19,-46.24,3469169
500,esna,29.88,50,5.51,0,45.2,27.57,675840
501,balkanabat,33.08,14,2.06,68,39.51,54.36,161616
502,surgut,16.0,72,5.0,40,61.25,73.4,1490624
503,mitu,31.13,15,2.31,0,36.2,46.09,117392
504,mizdah,32.03,33,2.06,0,31.45,12.98,2214827
505,oranjestad,28.0,78,7.7,75,12.52,-70.03,3577154
506,ingham,20.88,95,2.56,0,-18.65,146.16,2162737
507,chopovychi,25.13,78,2.56,24,50.83,28.95,710408
508,rubiataba,21.23,70,5.01,12,-15.16,-49.8,3450843
509,bubaque,24.0,94,1.0,75,11.28,-15.83,2374583
510,kudahuvadhoo,29.38,100,3.91,44,2.67,72.89,1337607
511,thessalon,20.36,96,1.5,90,46.26,-83.55,6164831
512,dickinson,12.8,89,2.1,90,46.88,-102.79,5688789
513,yulara,24.0,8,2.6,0,-25.24,130.99,6355222
514,storslett,13.0,50,5.7,0,69.77,21.03,777381
515,santa barbara,16.54,93,6.61,90,34.42,-119.7,5392952
516,margate,5.0,75,3.6,75,-43.03,147.26,2158744
517,orlik,17.58,52,1.06,0,52.51,99.83,1496073
518,pangoa,13.63,94,0.86,8,-12.12,-73.0,3933104
519,nerchinskiy zavod,18.83,84,1.41,68,51.31,119.61,2019323
